{
	"info": {
		"_postman_id": "37b83eff-5aa7-4440-8f3c-c34ed512e028",
		"name": "LMS",
		"schema": "https://schema.getpostman.com/json/collection/v2.1.0/collection.json"
	},
	"item": [
		{
			"name": "Get All Courses",
			"request": {
				"method": "GET",
				"header": [],
				"url": {
					"raw": "http://localhost:8080/api/v1.0/lms/courses/getall",
					"protocol": "http",
					"host": [
						"localhost"
					],
					"port": "8080",
					"path": [
						"api",
						"v1.0",
						"lms",
						"courses",
						"getall"
					]
				}
			},
			"response": []
		},
		{
			"name": "Add Course",
			"request": {
				"method": "POST",
				"header": [
					{
						"key": "Content-Type",
						"value": "application/json",
						"type": "default"
					},
					{
						"key": "Accept",
						"value": "application/json",
						"type": "default"
					}
				],
				"body": {
					"mode": "raw",
					"raw": "{\r\n    \"name\": \"Master Microservices with Spring Boot and Spring Cloud\",\r\n    \"duration\": 100,\r\n    \"technology\": \"java\",\r\n    \"description\": \"Developing RESTful web services and REST API is fun. The combination of Java, Spring Boot, Spring Web MVC, Spring Web Services and JPA makes it even more fun. And its even more fun to create Microservices.\",\r\n    \"launchUrl\": \"https://www.udemy.com/course/microservices-with-spring-boot-and-spring-cloud/\"\r\n}",
					"options": {
						"raw": {
							"language": "json"
						}
					}
				},
				"url": {
					"raw": "http://localhost:8080/api/v1.0/lms/courses/add",
					"protocol": "http",
					"host": [
						"localhost"
					],
					"port": "8080",
					"path": [
						"api",
						"v1.0",
						"lms",
						"courses",
						"add"
					]
				}
			},
			"response": []
		},
		{
			"name": "Add User",
			"request": {
				"method": "POST",
				"header": [],
				"body": {
					"mode": "raw",
					"raw": "{\r\n    \"name\": \"John\",\r\n    \"emailId\": \"john@gmail.com\",\r\n    \"password\": \"user12345\"\r\n}",
					"options": {
						"raw": {
							"language": "json"
						}
					}
				},
				"url": {
					"raw": "http://localhost:8080/api/v1.0/lms/company/register",
					"protocol": "http",
					"host": [
						"localhost"
					],
					"port": "8080",
					"path": [
						"api",
						"v1.0",
						"lms",
						"company",
						"register"
					]
				}
			},
			"response": []
		},
		{
			"name": "Get Courses By Duration",
			"request": {
				"method": "GET",
				"header": [],
				"url": {
					"raw": "http://localhost:8080/api/v1.0/lms/courses/get/java/50/125",
					"protocol": "http",
					"host": [
						"localhost"
					],
					"port": "8080",
					"path": [
						"api",
						"v1.0",
						"lms",
						"courses",
						"get",
						"java",
						"50",
						"125"
					]
				}
			},
			"response": []
		},
		{
			"name": "Get Courses By Technology Copy",
			"request": {
				"method": "GET",
				"header": [],
				"url": {
					"raw": "http://localhost:8080/api/v1.0/lms/courses/info/java",
					"protocol": "http",
					"host": [
						"localhost"
					],
					"port": "8080",
					"path": [
						"api",
						"v1.0",
						"lms",
						"courses",
						"info",
						"java"
					]
				}
			},
			"response": []
		},
		{
			"name": "Delete Course",
			"request": {
				"method": "DELETE",
				"header": [],
				"url": {
					"raw": "http://localhost:8080/api/v1.0/lms/courses/delete/abc",
					"protocol": "http",
					"host": [
						"localhost"
					],
					"port": "8080",
					"path": [
						"api",
						"v1.0",
						"lms",
						"courses",
						"delete",
						"abc"
					]
				}
			},
			"response": []
		},
		{
			"name": "Get Course By Course Name",
			"request": {
				"method": "GET",
				"header": [],
				"url": {
					"raw": "http://localhost:8080/api/v1.0/lms/courses/get/abc",
					"protocol": "http",
					"host": [
						"localhost"
					],
					"port": "8080",
					"path": [
						"api",
						"v1.0",
						"lms",
						"courses",
						"get",
						"abc"
					]
				}
			},
			"response": []
		}
	]
}